,cnn_sim_score,Text,Doc_Name
0,[[1.]],"A 20-foot board is cut into 2 pieces. Twice the length of the shorter piece is 4 feet more than the length of the longer piece. Find the length of the shorter piece.
",alg514questions.txt
127,[[1.]],"Two times the first number is one more than the second number. If their sum is -64 , what are the two numbers? 
",alg514questions.txt
102,[[1.]],"The sum of two numbers is 62. The greater number exceeds twice the smaller number by 5. What are the two numbers?
",alg514questions.txt
103,[[1.]],"There are 2 numbers whose sum is 65 , such that one is 4 times as large as the other. What is the smaller number? What is the larger number? 
",alg514questions.txt
104,[[1.]],"If the product of 5 and a number is increased by 4 , the result is 19. What is the number? 
",alg514questions.txt
106,[[1.]],"1 number is 3 less than twice another number. The sum of the 2 numbers is 51. What is the smaller number? What is the larger number?
",alg514questions.txt
107,[[1.]],"The sum of two numbers is 32 and the difference is 14. Find the two numbers.
",alg514questions.txt
111,[[1.]],"The sum of 2 numbers is 138. If three times the smaller number is subtracted from the larger number , the result is 22. Find the two numbers. 
",alg514questions.txt
115,[[1.]],"Yuri has a board that 98 inches long. He wishes to cut the board into 2 pieces so that one piece will be 10 inches longer than the other. What should the length of the shorter piece be , in inches? What will the length of the longer piece be? 
",alg514questions.txt
116,[[1.]],"Twice a number increased by 5 is 17. Find the number.
",alg514questions.txt
117,[[1.]],"36 more than the product of three and x is the same as 48. Solve for x.
",alg514questions.txt
343,[[1.]]," Gino has 63 popsicle sticks. I have 50 popsicle sticks. What is the sum of our popsicle sticks?
",SingleEQquestions.txt
119,[[1.]],"The sum of two consecutive even integers is at most 30. What are the greatest possible consecutive even integers?
",alg514questions.txt
120,[[1.]],"1. Find the 2 numbers whose sum is 108 and whose difference is 24.
",alg514questions.txt
122,[[1.]],"The sum of 2 numbers is 24. Seven times the smaller number is the same as 5 times the larger number. Find the smaller number. 
",alg514questions.txt
124,[[1.]],"The sum of 2 numbers is 10. 3 times one of them is more than 4 times the second by 2. Find the smaller number. Find the larger number.
",alg514questions.txt
125,[[1.]],"If 6 is subtracted from three times a number , the difference is twice the number. What is the number? 
",alg514questions.txt
100,[[1.]],"The sum of 2 numbers is 70. The second is 10 more than 3 times the first. Find the smaller number. Find the larger number.
",alg514questions.txt
98,[[1.]],"Three times a number minus a second number is 20. The sum of the two numbers is 48. Find the two numbers.
",alg514questions.txt
97,[[1.]],"0.6667 of a number increased by 0.75 is 1.6667 , what is the number? 
",alg514questions.txt
83,[[1.]],"When 4 times the number is added to 7 times the number the result is 55. What is the number?
",alg514questions.txt
75,[[1.]],"The second of two numbers is 4 more than the first. The sum is 56. Find the first and second numbers. 
",alg514questions.txt
76,[[1.]],"Twice a number equals 25 less than triple the same number. What is the number?
",alg514questions.txt
77,[[1.]],"1 number is 9 less than twice another , and their sum is 42. Find the two numbers. 
",alg514questions.txt
78,[[1.]],"Think of a number , half it and the result is 9. Find the number. 
",alg514questions.txt
79,[[1.]],"The sum of 2 numbers is 64 and their difference is 18. What is the first number? What is the second number?
",alg514questions.txt
80,[[1.]],"1.3333 of a number is 4.82 , what is the number? 
",alg514questions.txt
86,[[1.]],"Separate 66 into 2 parts so that 0.40 of one part exceeds 0.625 of the other part by 10. What is the smaller part? What is the larger part?
",alg514questions.txt
96,[[1.]],"According to Dr. Aaron R. Folsom of the University of Minnesota School of Public Health , your maximum ideal waist size is directly proportional to your hip size. For a woman with 40 inch hips , the maximum ideal waist size is 32 inches. What is the maximum waist size for a woman with 35 inch hips? 
",alg514questions.txt
89,[[1.]],"One number is 3 less than twice another. If their sum is 39 , find the numbers. 
",alg514questions.txt
91,[[1.]],"The product of 10 and a number is the same as 36 less twice that same number. Find the number.
",alg514questions.txt
92,[[1.]],"A peach and a apple cost 70 cents. The peach is more expensive than the apple by 60 cents. What is the cost a peach , in cents? What is the cost of an apple , in cents? 
",alg514questions.txt
93,[[1.]],"The difference between 3 times a number and 1 is the same as twice a number. Find the number.
",alg514questions.txt
94,[[1.]],"The sum of two numbers is 52 , and their difference is 6. What are the numbers? 
",alg514questions.txt
95,[[1.]],"1 out of 2 numbers is thrice the other. If their sum is 124 , find the numbers. 
",alg514questions.txt
126,[[1.]],"A 69 inch board is cut into 2 pieces. One piece is 2 times the length of the other. What is the length of the shorter piece , in inches? What is the length of the longer piece? 
",alg514questions.txt
128,[[1.]],"The difference between 0.75 of a line and 0.4 of the same line is 28 centimeters. Find the length of the line.
",alg514questions.txt
73,[[1.]],"A water flow restrictor has reduced the flow of water to 2 gallons per minute. This amount is 1 gallon per minute less than 0.6 the original flow rate. Find the original rate in gallons per minute.
",alg514questions.txt
129,[[1.]],"The sum of two numbers is 73. The second is 7 more than 5 times the first. What is the first number and what is the second one?
",alg514questions.txt
164,[[1.]],"The sum of two numbers is 48. The difference between three times the smaller number and the larger number is 16. Find the smaller number and the larger number.
",alg514questions.txt
165,[[1.]],"A piece of rope 60 meters long is cut into two pieces so that the longest piece is twice as long as the shorter piece. How long are the two pieces? 
",alg514questions.txt
167,[[1.]],"Find two numbers whose sum is 55 and whose difference is 15.
",alg514questions.txt
168,[[1.]],"Find a number such that 1 more than 0.6667 the number is 0.75 the number.
",alg514questions.txt
169,[[1.]],"A 177-inch pipe is cut into two pieces. One piece is two times the length of the other. Find the lengths of the two pieces.
",alg514questions.txt
171,[[1.]],"One number is 11 more than 3 times another number. Their sum is 55. Find the smaller number.
",alg514questions.txt
173,[[1.]],"One integer is twice another , and their sum is 96. Find the smaller and larger integer. 
",alg514questions.txt
1,[[1.]],"You are traveling to your mothers house that is 234 miles away. If you are currently twice as far from your house as you are from your mothers house how far have you traveled? Round to the nearest tenth mile.
",alg514questions.txt
238,[[1.]]," Gino has 63 popsicle sticks. I have 50 popsicle sticks. What is the sum of our popsicle sticks?
",All-Arithquestions.txt
244,[[1.]]," Albert has two snakes. The garden snake is 10 inches long. The boa constrictor is 7 times longer than the garden snake. How long is the boa  constrictor?
",All-Arithquestions.txt
247,[[1.]]," Cody is 14 years old. His grandmother is 6 times as old as he is. How old is Cody's grandmother?
",All-Arithquestions.txt
249,[[1.]]," Omar and Karen made egg rolls to share at the school potluck. Omar rolled 219 egg rolls. Karen rolled 229 egg rolls. What is the total number  of egg rolls Omar and Karen rolled?
",All-Arithquestions.txt
265,[[1.]]," Gino has 63 popsicle sticks. I have 50 popsicle sticks. What is the sum of our popsicle sticks?
",illinois(IL)questions.txt
271,[[1.]]," Albert has two snakes. The garden snake is 10 inches long. The boa constrictor is 7 times longer than the garden snake. How long is the boa  constrictor?
",illinois(IL)questions.txt
274,[[1.]]," Cody is 14 years old. His grandmother is 6 times as old as he is. How old is Codyâ€™s grandmother?
",illinois(IL)questions.txt
163,[[1.]],"The length of a rectangular field is 24 meters. This is 3 meters less than twice the width. Find the width.
",alg514questions.txt
162,[[1.]],"A bottle of wine with a cork cost 2.10 dollars. A bottle of wine without a cork costs 2.00 dollars more than the cork. What is the price of the cork?
",alg514questions.txt
158,[[1.]],"The sum of 2 numbers is 27. 0.5 of the first number plus 0.3333 of the second number is 11. Find the smaller and the larger number.
",alg514questions.txt
142,[[1.]],"The sum of 0.75 of a number and two is eight. Find the number. 
",alg514questions.txt
131,[[1.]],"Seven times a number is the same as 12 more than 3 times the number. Find the number.
",alg514questions.txt
132,[[1.]],"The sum of two numbers is 18. If twice the smaller number is 6 more than the larger , find the smaller number and the larger number. 
",alg514questions.txt
133,[[1.]],"The sum of 2 integers is 30. 2 times the larger integer is 10 less than 5 times the smaller integer. Find the smaller number and larger number.
",alg514questions.txt
136,[[1.]],"Find the two numbers whose sum is 45 and such that one is 4 times as large as the other.
",alg514questions.txt
137,[[1.]],"Two numbers are in the ratio 8 to 3. If the sum of numbers is 143 , find the numbers. 
",alg514questions.txt
276,[[1.]]," Omar and Karen made egg rolls to share at the school potluck. Omar rolled 219 egg rolls. Karen rolled 229 egg rolls. What is the total number  of egg rolls Omar and Karen rolled?
",illinois(IL)questions.txt
143,[[1.]],"The sum of 2 numbers is 15. 3 times one of the numbers is 11 less than 5 times the other. What is the smaller number? What is the larger number?
",alg514questions.txt
156,[[1.]],"The world 's oldest bride was 19 yr older than her groom. Together , their ages totaled 185 years. How old was the bride? How old was the groom? 
",alg514questions.txt
144,[[1.]],"7 less than 4 times a number equals 13. What is the number?
",alg514questions.txt
145,[[1.]],"The number of boys in eighth grade is 16 less than twice the number of girls. There are 68 students in eighth grade. How many are girls?
",alg514questions.txt
146,[[1.]],"The sum of 2 numbers is 43. Twice the larger number exceeds 3 times the smaller number by 16. Find the number.
",alg514questions.txt
147,[[1.]],"The total cost of a pair of pants and a belt was 70.93 dollars. If the price of the pair of pants was 2.93 dollars less than the belt , what was the price of the pair of pants? 
",alg514questions.txt
149,[[1.]],"24 is divided in two parts such that 7 time the first part added to 5 times the second part makes 146. What is the first part?
",alg514questions.txt
152,[[1.]],"In a class of 35 students the number of girls is 0.4 of the number of boys. Find the number of girls in the class.
",alg514questions.txt
74,[[1.]],"Find two numbers whose sum is 147 and one is 4 greather than 0.375 of the other.
",alg514questions.txt
138,[[1.]],"Find two numbers whose sum is 14 if one number is 3 times as large as the other number.
",alg514questions.txt
349,[[1.]]," Albert has two snakes. The garden snake is 10 inches long. The boa constrictor is 7 times longer than the garden snake. How long is the boa  constrictor?
",SingleEQquestions.txt
15,[[1.]],"The difference between two numbers is 6. If you double both numbers , the sum is 36. Find the two numbers. 
",alg514questions.txt
48,[[1.]],"The carpenter saws a board that is 22 feet long into two pieces. One piece is to be 1 foot longer than twice the length of the shorter piece. Find the Length of each piece.
",alg514questions.txt
9,[[1.]],"Find a number so that 10 less than 0.6667 the number is 0.25 the number.
",alg514questions.txt
71,[[1.]],"The second number is 3 less than twice the first number. Their sum is 57. Find the second number.
",alg514questions.txt
45,[[1.]],"One number is 3 more than twice a second number. Their sum is 27. Find the smaller number. Find the larger number.
",alg514questions.txt
354,[[1.]]," Omar and Karen made egg rolls to share at the school potluck. Omar rolled 219 egg rolls. Karen rolled 229 egg rolls. What is the total number  of egg rolls Omar and Karen rolled?
",SingleEQquestions.txt
43,[[1.]],"Riza was 25 when her first son was born. Today the sum of their ages is 105. How old is Riza and her son now?
",alg514questions.txt
42,[[1.]],"The probability that San Francisco plays in the next super bowl is nine times the probability that they do not play in the next super bowl. The probability that San Francisco plays in the next super bowl plus the probability that they do not play is 1. What is the probability that San Francisco plays in the next super bowl?
",alg514questions.txt
41,[[1.]],"The sum of the numbers of boys and girls in a class is 36. If twice the number of girls exceeds the number of boys by 12 , find the number of girls in the class. Find the number of boys. 
",alg514questions.txt
40,[[1.]],"0.20 of a number decreased by 4 is equal to 6. Find the number.
",alg514questions.txt
39,[[1.]],"The tallest player on the basketball team is 77.75 inches tall. This is 9.5 inches taller than the shortest player. How tall is the shortest player , in inches? 
",alg514questions.txt
38,[[1.]],"Find the number whose double is 45 greater than its half?
",alg514questions.txt
12,[[1.]],"The sum of 2 numbers is 84. One number is 3 times the other. Find the smaller number. Find the larger number.
",alg514questions.txt
35,[[1.]],"The sum of 38 and twice a number is 124. Find the number.
",alg514questions.txt
51,[[1.]],"17 is 4 less than 8 times a number. Find the number.
",alg514questions.txt
16,[[1.]],"The difference between two numbers is 20 and their sum is 48. Find the numbers.
",alg514questions.txt
34,[[1.]],"The sum of 2 numbers is 70. The larger number is 2 more than 3 times the smaller number. Find the smaller number. Find the larger number.
",alg514questions.txt
33,[[1.]],"The difference between two numbers is 3. Their sum is 13. Find the numbers. What is the larger number? What is the smaller number?
",alg514questions.txt
32,[[1.]],"3 times a number is added to 5 times a number to get 54. The second number is 2 less than the first. What is the smaller number? What is the larger number?
",alg514questions.txt
17,[[1.]],"0.5 of a certain number is 10 more than 0.1667 of a number. Find the number.
",alg514questions.txt
30,[[1.]],"The sum of two numbers is 104. The larger number is 1 less than twice the smaller number. Find the numbers.
",alg514questions.txt
29,[[1.]],".833 of a number is -60. What is the number?
",alg514questions.txt
19,[[1.]],"Find two numbers whose sum is 106 and whose difference is 64.
",alg514questions.txt
20,[[1.]],"0.5 of a number is 2 more than 0.25 of the number. Find the number.
",alg514questions.txt
28,[[1.]],"Three times a number is the same as the difference of twice the number and seven. Find the number.
",alg514questions.txt
27,[[1.]],"A washer and a dryer cost 600 dollars combined. The price of the washer is 3 times the price of the dryer. What is the cost of the dryer?
",alg514questions.txt
25,[[1.]],"The difference between 2 times a number and -8 is -12. Find the number.
",alg514questions.txt
22,[[1.]],"The sum of two numbers is 85. The difference of twice of one of them and the other one is 5. Find both numbers.
",alg514questions.txt
352,[[1.]]," Cody is 14 years old. His grandmother is 6 times as old as he is. How old is Cody's grandmother?
",SingleEQquestions.txt
61,[[1.]],"A truck and trailer together weigh 7,000 pounds. The trailer weighs 200 pounds less than 0.5 as much as the truck. Find the truck 's weight. Find the trailer 's weight. 
",alg514questions.txt
7,[[1.]],"A 68-foot pipe is cut into 2 pieces , one of which is 12 feet less than the other. What is the length of the shorter piece in feet? 
",alg514questions.txt
58,[[1.]],"The sum of 5 and a number is 20. Find the number.
",alg514questions.txt
57,[[1.]],"A garden table and a bench cost 750 combined. The price of the garden table is two times the price of the bench. What is the cost of the bench?
",alg514questions.txt
56,[[1.]],"The larger of two numbers is 23 less than twice the smaller. The sum of the two numbers is 70. Find the two numbers.
",alg514questions.txt
62,[[1.]],"The difference of 3 times a number and 5 is 40. Find the number.
",alg514questions.txt
63,[[1.]],"An airplane has a total of 387 seats. The number of coach class seats is 2 more than 4 times the number of first-class seats. How many first class and coach class seats are there on the plane?
",alg514questions.txt
64,[[1.]],"The sum of two numbers is 40 , one number is 8 more than the other. Find the numbers. 
",alg514questions.txt
5,[[1.]],"The Kings won two less than three times as many games as they lost. They played 82 games. How many wins and losses did the team have? 
",alg514questions.txt
65,[[1.]],"The difference between two numbers is 9. Find the numbers , if their sum is 46. 
",alg514questions.txt
4,[[1.]],"The sum of 2 numbers is 50. The first number is 43 less than twice the second number. Find the smaller number. Find the larger number.
",alg514questions.txt
8,[[1.]],"Find 2 numbers whose sum is 64 and whose difference is 4. What is the smaller number? What is the larger number?
",alg514questions.txt
53,[[1.]],"A plane flies 900 miles with a tail wind in 3 hours. The same plane takes 4 hours to make the return trip against the wind. What is the speed of the plane in still air? 
",alg514questions.txt
66,[[1.]],"Matthew has two different stocks. One of the stocks is worth twice as much per share as the other. He has 14 shares of the more valuable stock and 26 shares of the other stock. His total assets in stocks is 2106 dollars. How much is the more expensive stock per share?
",alg514questions.txt
3,[[1.]],"The value of a sport utility vehicle this year is 16,000 dollars , which is 0.8 of what its value was last year. Find the value of the vehicle last year. 
",alg514questions.txt
69,[[1.]],"There are 24 kids in Mrs Jones ' class. There are twice as many girls as boys. How many boys and girls are there?
",alg514questions.txt
70,[[1.]],"The greater of two numbers is 8 times the lesser and their sum is 180. Find the numbers.
",alg514questions.txt
60,[[1.]],"One number exceeds another by 10 and their sum is 34. Find the larger number.
",alg514questions.txt
198,[[0.9999999]],"Vince 's bus ride to school is 0.625 mile and Zachary 's bus ride is 0.5 mile . How much longer is Vince 's bus ride than Zachary 's ? 
",All-Arithquestions.txt
303,[[0.9999999]],"Vince 's bus ride to school is 0.625 mile and Zachary 's bus ride is 0.5 mile . How much longer is Vince 's bus ride than Zachary 's ? 
",SingleEQquestions.txt
295,[[0.9999999]],"Oscar 's bus ride to school is 0.75 mile and Charlie 's bus ride is 0.25 mile . How much longer is Oscar 's bus ride than Charlie 's ? 
",SingleEQquestions.txt
190,[[0.9999999]],"Oscar 's bus ride to school is 0.75 mile and Charlie 's bus ride is 0.25 mile . How much longer is Oscar 's bus ride than Charlie 's ? 
",All-Arithquestions.txt
52,[[0.9999998]],"Jerry Weller received 20,196 more votes than opponent John Pavich. If the total number of votes was 196,554 , find the number of votes for Jerry. Find the number of votes for John. 
",alg514questions.txt
46,[[0.99999976]],"A garden table and a bench cost 450 dollars combined. The price of the garden table is 2 times the price of the bench. What is the cost of the bench , in dollars? 
",alg514questions.txt
170,[[0.99999976]],"Jack collects baseball and football cards. He has 125 cards total. The number of baseball cards he has is five more than three times the number of football cards. How many baseball and football cards does he have? 
",alg514questions.txt
26,[[0.99999964]],"A painting is 10 inches tall and 15 inches wide. A print of the painting is 25 inches tall , how wide is the print in inches? 
",alg514questions.txt
315,[[0.9999995]],"Ezra drew a white line that was 7.666666666666667 inches long . Then he drew a blue line that was 3.3333333333333335 inches long . How much longer was the white line than the blue line ? 
",SingleEQquestions.txt
277,[[0.9999995]]," Darius drove 679 miles to visit his grandmother. Julia drove 998 miles to visit her grandmother. What is the total number of miles Darius and Julia  drove?
",illinois(IL)questions.txt
250,[[0.9999995]]," Darius drove 679 miles to visit his grandmother. Julia drove 998 miles to visit her grandmother. What is the total number of miles Darius and Julia  drove?
",All-Arithquestions.txt
355,[[0.9999995]]," Darius drove 679 miles to visit his grandmother. Julia drove 998 miles to visit her grandmother. What is the total number of miles Darius and Julia  drove?
",SingleEQquestions.txt
31,[[0.9999995]],"The sum of 20 and a number is 30. 
",alg514questions.txt
210,[[0.9999995]],"Ezra drew a white line that was 7.666666666666667 inches long . Then he drew a blue line that was 3.3333333333333335 inches long . How much longer was the white line than the blue line ? 
",All-Arithquestions.txt
313,[[0.9999995]],"Nicole found an orange caterpillar and a green caterpillar in her backyard . The green caterpillar was 3 inches long and the orange caterpillar was 1.1666666666666667 inches long . How much longer was the green caterpillar than the orange caterpillar ? 
",SingleEQquestions.txt
208,[[0.9999995]],"Nicole found an orange caterpillar and a green caterpillar in her backyard . The green caterpillar was 3 inches long and the orange caterpillar was 1.1666666666666667 inches long . How much longer was the green caterpillar than the orange caterpillar ? 
",All-Arithquestions.txt
54,[[0.9999994]],"A swim team has 5 times as many girls as boys. There are a total of 96 people on the swim team. How many girls and boys are their on the team?
",alg514questions.txt
99,[[0.99999905]],"24 is divided into two parts such that 7 times the first part added to 5 times the second part makes 146. Find each part.
",alg514questions.txt
237,[[0.9999989]]," I read 21 pages of my English book yesterday. Today, I read 17 pages. What is the total number of pages did I read?
",All-Arithquestions.txt
88,[[0.9999989]],"A car traveled 715 kilometers in 11 hours. What was its average speed?
",alg514questions.txt
264,[[0.9999989]]," I read 21 pages of my English book yesterday. Today, I read 17 pages. What is the total number of pages did I read?
",illinois(IL)questions.txt
342,[[0.9999989]]," I read 21 pages of my English book yesterday. Today, I read 17 pages. What is the total number of pages did I read?
",SingleEQquestions.txt
160,[[0.9999979]],"One unit of whole wheat flour has 13.6 grams of protein and 2.5 grams of fat. One unit of whole milk has 3.4 grams of protein and 3.7 grams of fat. To the nearest tenth , find the number of units of whole wheat flour and whole milk that must be mixed to make dough that has 75 grams of protein and 15 grams of fat. 
",alg514questions.txt
353,[[0.99999714]]," Jorge scored 156 goals playing soccer last season. This season he scored 187 goals. What is the total number of goals Jorge scored?
",SingleEQquestions.txt
248,[[0.99999714]]," Jorge scored 156 goals playing soccer last season. This season he scored 187 goals. What is the total number of goals Jorge scored?
",All-Arithquestions.txt
275,[[0.99999714]]," Jorge scored 156 goals playing soccer last season. This season he scored 187 goals. What is the total number of goals Jorge scored?
",illinois(IL)questions.txt
134,[[0.999997]],"In a family there are two cars. The sum of the average miles per gallon obtained by the two cars in a particular week is 75 miles per gallon. The first car has consumed 25 gallons during that week , and the second has consumed 35 gallons , for a total of 2275 miles driven by the two cars combined. What was the average gas mileage obtained by the first car that week? What was the average gas mileage obtained by the second car that week? 
",alg514questions.txt
101,[[0.99999696]],"A boat travels 45 miles upstream in 5 hours. The boat travels the same distance downstream in 3 hours. What is the speed of the boat in still water in miles per hour? What is the speed of the current in miles per hour? 
",alg514questions.txt
227,[[0.9999964]],"Donna weighs 69 pounds. Willie weighs 51 pounds. How much heavier is Donna than Willie?
",All-Arithquestions.txt
254,[[0.9999964]],"Donna weighs 69 pounds. Willie weighs 51 pounds. How much heavier is Donna than Willie?
",illinois(IL)questions.txt
332,[[0.9999964]],"Donna weighs 69 pounds. Willie weighs 51 pounds. How much heavier is Donna than Willie?
",SingleEQquestions.txt
36,[[0.9999962]],"A company 's profit for the first half of the year is 2,750,000 dollars greater than the profit for the second half. If the total annual profit is 3,635,000 dollars , find the profit for the first half-year and the second half-year. 
",alg514questions.txt
331,[[0.99999595]],"Jessica weighs 49 pounds. Thomas weighs 44 pounds. How much heavier is Jessica than Thomas?
",SingleEQquestions.txt
226,[[0.99999595]],"Jessica weighs 49 pounds. Thomas weighs 44 pounds. How much heavier is Jessica than Thomas?
",All-Arithquestions.txt
253,[[0.99999595]],"Jessica weighs 49 pounds. Thomas weighs 44 pounds. How much heavier is Jessica than Thomas?
",illinois(IL)questions.txt
50,[[0.99999505]],"The 6th graders from an elementary school are going to celebrate the end of the year by going to the local pizza parlor. There are 120 in the whole group and there are twice as many children as adults in the group. How many children are there?
",alg514questions.txt
252,[[0.99999493]],"Anne weighs 67 pounds. Douglas weighs 52 pounds. How much heavier is Anne than Douglas?
",illinois(IL)questions.txt
225,[[0.99999493]],"Anne weighs 67 pounds. Douglas weighs 52 pounds. How much heavier is Anne than Douglas?
",All-Arithquestions.txt
330,[[0.99999493]],"Anne weighs 67 pounds. Douglas weighs 52 pounds. How much heavier is Anne than Douglas?
",SingleEQquestions.txt
228,[[0.9999937]],"John weighs 81 pounds. Roy weighs 4 pounds. How much heavier is John than Roy?
",All-Arithquestions.txt
255,[[0.9999937]],"John weighs 81 pounds. Roy weighs 4 pounds. How much heavier is John than Roy?
",illinois(IL)questions.txt
333,[[0.9999937]],"John weighs 81 pounds. Roy weighs 4 pounds. How much heavier is John than Roy?
",SingleEQquestions.txt
110,[[0.9999933]],"The shoe store has twice as many black shoes as it does brown shoes. The total number of shoes is 66. How many brown shoes are there?
",alg514questions.txt
207,[[0.9999928]],"At the beach , Janet and her sister both built sandcastles and then measured their heights . Janet 's sandcastle was 3.6666666666666665 feet tall and her sister 's was 2.3333333333333335 feet tall . How much taller was Janet 's sandcastle than her sister 's ? 
",All-Arithquestions.txt
312,[[0.9999928]],"At the beach , Janet and her sister both built sandcastles and then measured their heights . Janet 's sandcastle was 3.6666666666666665 feet tall and her sister 's was 2.3333333333333335 feet tall . How much taller was Janet 's sandcastle than her sister 's ? 
",SingleEQquestions.txt
82,[[0.9999926]],"High school graduating class is made up of 466 students. There are 212 more girls than boys. How many boys are in the class? 
",alg514questions.txt
304,[[0.99999243]],"In Shannon 's apartment complex , 0.16666666666666666 the apartments are one-bedroom apartments and 0.3333333333333333 are two-bedroom apartments . What fraction of the apartments are either 1 - or two-bedroom apartments ? 
",SingleEQquestions.txt
199,[[0.99999243]],"In Shannon 's apartment complex , 0.16666666666666666 the apartments are one-bedroom apartments and 0.3333333333333333 are two-bedroom apartments . What fraction of the apartments are either 1 - or two-bedroom apartments ? 
",All-Arithquestions.txt
230,[[0.99999213]],"Bridget weighs 39 pounds. Martha weighs 2 pounds. How much heavier is Bridget than Martha?
",All-Arithquestions.txt
257,[[0.99999213]],"Bridget weighs 39 pounds. Martha weighs 2 pounds. How much heavier is Bridget than Martha?
",illinois(IL)questions.txt
335,[[0.99999213]],"Bridget weighs 39 pounds. Martha weighs 2 pounds. How much heavier is Bridget than Martha?
",SingleEQquestions.txt
159,[[0.9999909]],"In the 2000-2001 baseball season , the Seattle Mariners tied a league record set by the 1906 Chicago Cubs for most wins in a season. The Mainers won 24 more than twice as many games as they lost. They played 162 regular season games. How many wins and losses did the mariners have? 
",alg514questions.txt
305,[[0.99999034]],"At the beach , Miki and her sister both built sandcastles and then measured their heights . Miki 's sandcastle was 0.8333333333333334 foot tall and her sister 's was 0.5 foot tall . How much taller was Miki 's sandcastle than her sister 's ? 
",SingleEQquestions.txt
200,[[0.99999034]],"At the beach , Miki and her sister both built sandcastles and then measured their heights . Miki 's sandcastle was 0.8333333333333334 foot tall and her sister 's was 0.5 foot tall . How much taller was Miki 's sandcastle than her sister 's ? 
",All-Arithquestions.txt
154,[[0.99998903]],"A high school graduating class is made up of 485 students. There are 69 more girls than boys. How many boys are in the class?
",alg514questions.txt
113,[[0.9999883]],"The total cost of a shirt and a sweater is 80.34 dollars. If the price of the shirt is 7.43 dollars less than the sweater , what was the price of the shirt , in dollars? 
",alg514questions.txt
201,[[0.99998426]],"At the hardware store , 0.25 the nails are size 2d and 0.5 the nails are size 4d . What fraction of the nails are either size 2d or 4d ? 
",All-Arithquestions.txt
306,[[0.99998426]],"At the hardware store , 0.25 the nails are size 2d and 0.5 the nails are size 4d . What fraction of the nails are either size 2d or 4d ? 
",SingleEQquestions.txt
297,[[0.9999831]],"At Lindsey 's Vacation Wear , 0.375 the garments are bikinis and 0.25 are trunks . What fraction of the garments are either bikinis or trunks ? 
",SingleEQquestions.txt
192,[[0.9999831]],"At Lindsey 's Vacation Wear , 0.375 the garments are bikinis and 0.25 are trunks . What fraction of the garments are either bikinis or trunks ? 
",All-Arithquestions.txt
151,[[0.99997383]],"The cost of 12 gallons of regular gasoline and 18 gallons of premium gasoline is 44.46 dollars. Premium costs 0.22 dollars more per gallon than regular. What is the cost per gallon of each type of gasoline?
",alg514questions.txt
109,[[0.99997365]],"Honda day shift produced 4 times as much as second shift. The total production for the month was 5,500 cars. How many did the day shift produce? How many did the second shift produce? 
",alg514questions.txt
44,[[0.9999728]],"Freeport McMoran projects that in 2010 the world grain supply will be 1800000 metric tons and the supply will be only 0.75 of the world grain demand. What will the world grain demand be in 2010?
",alg514questions.txt
157,[[0.9999719]],"In a family there are 2 cars. The sum of the average miles per gallon obtained by the two cars in a particular week is 45. The first car has consumed 40 gallons during that week , and the second car has consumed 20 gallons , for a total of 1400 miles driven by the two cars combined. What was the average gas mileage obtained by each of the 2 cars that week? 
",alg514questions.txt
37,[[0.9999717]],"It takes a boat 4 hours to travel 24 miles down a river and 6 hours to return upstream to its starting point. What is the rate of the current in the river?
",alg514questions.txt
301,[[0.99996614]],"0.5 the students in the band are in the trumpet section . 0.125 the students in the band are in the trombone section . What fraction of the students in the band are in either the trumpet section or the trombone section ? 
",SingleEQquestions.txt
196,[[0.99996614]],"0.5 the students in the band are in the trumpet section . 0.125 the students in the band are in the trombone section . What fraction of the students in the band are in either the trumpet section or the trombone section ? 
",All-Arithquestions.txt
203,[[0.99996567]],"In Yardley it snowed 0.125 inch in the morning and 0.5 inch in the afternoon . What was the total amount of snowfall ? 
",All-Arithquestions.txt
308,[[0.99996567]],"In Yardley it snowed 0.125 inch in the morning and 0.5 inch in the afternoon . What was the total amount of snowfall ? 
",SingleEQquestions.txt
314,[[0.9999558]],"Irene just bought a new lamp for her bedside table . The old lamp was 1 foot tall and the new lamp is 2.3333333333333335 feet tall . How much taller is the new lamp than the old lamp ? 
",SingleEQquestions.txt
209,[[0.9999558]],"Irene just bought a new lamp for her bedside table . The old lamp was 1 foot tall and the new lamp is 2.3333333333333335 feet tall . How much taller is the new lamp than the old lamp ? 
",All-Arithquestions.txt
59,[[0.99995565]],"There are 27 students in an Algebra 1 class. There are 5 fewer girls than boys. How many girls are in the class?
",alg514questions.txt
334,[[0.9999541]],"Mildred weighs 59 pounds. Carol weighs 9 pounds. How much heavier is Mildred than Carol?
",SingleEQquestions.txt
256,[[0.9999541]],"Mildred weighs 59 pounds. Carol weighs 9 pounds. How much heavier is Mildred than Carol?
",illinois(IL)questions.txt
229,[[0.9999541]],"Mildred weighs 59 pounds. Carol weighs 9 pounds. How much heavier is Mildred than Carol?
",All-Arithquestions.txt
84,[[0.9999456]],"With a tail wind , a jet flew 2000 miles in 4 hours. The jet 's return trip against the same wind required 5 hours. Find the jet 's speed and the wind speed. 
",alg514questions.txt
14,[[0.999944]],"Norman and Suzanne Scarpulla own 35 shares of Mcdonald 's stocks and 69 shares of the Ohio Art Company stock. On a particular day in 2011 , their stock portfolio consisting of these two stocks was worth 2,814 dollars. The Mcdonalds stock was 70 dollars more per share than the Ohio Art Company stock. What was the price of McDonalds stock on that day? What was the cost of the Ohio Art Company stock on that day? 
",alg514questions.txt
140,[[0.99992883]],"A petroleum company has two different sources of crude oil. The first source provides crude oil that is 25 % hydrocarbons and the second one provides crude oil that is 75 % hydrocarbons. In order to obtain 50 gallons of crude oil that is 55 % hydrocarbons , how many gallons of crude oil must be used from each of the two sources? 
",alg514questions.txt
81,[[0.9999217]],"The manager of a discount clothing store received 2 shipments of Fall clothing. The cost of the first shipment which contained 10 identical sweaters and 20 identical jackets was 800 dollars. The second shipment at the same prices , contained 5 of the same sweaters and 15 of the same jackets. The second shipment was 550 dollars. Find the cost of 1 jacket , in dollars. 
",alg514questions.txt
307,[[0.9999129]],"While making desserts for a bake sale , Victor used 0.625 scoop of brown sugar as well as 0.25 scoop of white sugar . How much more brown sugar did Victor use ? 
",SingleEQquestions.txt
202,[[0.9999129]],"While making desserts for a bake sale , Victor used 0.625 scoop of brown sugar as well as 0.25 scoop of white sugar . How much more brown sugar did Victor use ? 
",All-Arithquestions.txt
243,[[0.9999099]]," Rupert and Ronald aced their math test. So their mother bought for them a wonderful trampoline yesterday. Ronald jumped 157 times on  the trampoline. Rupert jumped 86 more times than Ronald. How many  times did they jump altogether?
",All-Arithquestions.txt
270,[[0.9999099]]," Rupert and Ronald aced their math test. So their mother bought for them a wonderful trampoline yesterday. Ronald jumped 157 times on  the trampoline. Rupert jumped 86 more times than Ronald. How many  times did they jump altogether?
",illinois(IL)questions.txt
348,[[0.9999099]]," Rupert and Ronald aced their math test. So their mother bought for them a wonderful trampoline yesterday. Ronald jumped 157 times on  the trampoline. Rupert jumped 86 more times than Ronald. How many  times did they jump altogether?
",SingleEQquestions.txt
114,[[0.9998971]],"2 cars start at the same place and time , and travel in opposite directions. One car is traveling 15 kilometers per hour faster than the other. After 5 hours , the 2 cars are 275 km apart. Find the speed of each car. 
",alg514questions.txt
318,[[0.99989337]],"Tori was 4.4 feet tall . Then she grew 2.86 feet taller . How tall is Tori now ? 
",SingleEQquestions.txt
213,[[0.99989337]],"Tori was 4.4 feet tall . Then she grew 2.86 feet taller . How tall is Tori now ? 
",All-Arithquestions.txt
67,[[0.9998919]],"There are 3 more girls than boys in Tom 's class , and the sum of girls and boys is 41. How many boys are in the class? How many girls are in the class? 
",alg514questions.txt
10,[[0.9998792]],"On Monday , Harold picked up three doughnuts and four large coffees for the office staff. He paid 4.91 dollars. On Tuesday Melinda picked up five doughnuts and six large coffees for the office staff. She paid 7.59 dollars. What is the cost of one doughnut? What is the cost of one large coffee? 
",alg514questions.txt
87,[[0.99980676]],"Snookers Lumber can convert logs into either lumber or plywood. In a given day , the mill turns out three times as many units of plywood as lumber. It makes a profit of 30 dollars on a unit of lumber and 50 dollars on a unit of plywood. Snookers lumber must produce and sell ___ units of lumber and ___ units of plywood to make a profit of 18360 dollars? 
",alg514questions.txt
112,[[0.99976516]],"Two cyclists start at the same point and travel in opposite directions. One cyclist travels 8 kilometers per hour faster than the other. If the two cyclists are 270 kilometers apart after 5 hours what is the rate of each cyclist?
",alg514questions.txt
55,[[0.99975526]],"There are 7066 known nesting pairs of bald eagles in the lower 48 states today. This is 6649 more pairs than in 1963. How many nesting pairs of bald eagles were there in the lower 48 states in 1963?
",alg514questions.txt
309,[[0.9997372]],"Karin 's science class weighed plastic rings for an experiment . They found that the orange ring weighed 0.08333333333333333 ounce , the purple ring weighed 0.3333333333333333 ounce , and the white ring weighed 0.4166666666666667 ounce . What was the total weight of the plastic rings ? 
",SingleEQquestions.txt
204,[[0.9997372]],"Karin 's science class weighed plastic rings for an experiment . They found that the orange ring weighed 0.08333333333333333 ounce , the purple ring weighed 0.3333333333333333 ounce , and the white ring weighed 0.4166666666666667 ounce . What was the total weight of the plastic rings ? 
",All-Arithquestions.txt
150,[[0.9997327]],"E-Chem Testing has a solution that is 80 % base and another that is 30 % base. A technician needs 150 liters of a solution that is 62 % base. The 150 liters will be prepared by mixing the two solutions on hand. How much of the 80 % base and the 30 % base should be used?
",alg514questions.txt
23,[[0.99967206]],"Flying with the wind , a bird was able to make 150 kilometers per hour. If the wind was 0.5 times as strong and the bird flies against it , it could make only 30 kilometers per hour. Find the velocity of the wind in kilometers per hour. Find the velocity of the bird. 
",alg514questions.txt
2,[[0.9996164]],"The maximum load that a horizontal beam can carry is directly proportional to its width. If a beam 1.5 inches wide can support a load of 250 pounds , find the load that a beam of the same type can support if its width is 3.5 inches? 
",alg514questions.txt
90,[[0.9995092]],"A freight train and an express train leave towns 390 kilometers apart , traveling toward one another. The freight train travels 30 kilometers per hour slower than the express train. They pass one another 3 hours later. How fast is the freight train , in miles per hour? How fast is the express train? 
",alg514questions.txt
193,[[0.9994283]],"A marine biologist measured 1 fish that was 0.3 foot long and a second fish that was 0.2 foot long . How much longer was the first fish ? 
",All-Arithquestions.txt
298,[[0.9994283]],"A marine biologist measured 1 fish that was 0.3 foot long and a second fish that was 0.2 foot long . How much longer was the first fish ? 
",SingleEQquestions.txt
292,[[0.9994097]],"A farmer estimates that he will harvest 48097 bushels of wheat . The weather is perfect during the growing season , so he harvests 684 bushels of wheat than expected . How many bushels of wheat does the farmer harvest ? 
",SingleEQquestions.txt
187,[[0.9994097]],"A farmer estimates that he will harvest 48097 bushels of wheat . The weather is perfect during the growing season , so he harvests 684 bushels of wheat than expected . How many bushels of wheat does the farmer harvest ? 
",All-Arithquestions.txt
148,[[0.99935156]],"2 high speed trains are 380 miles apart and traveling toward each other. They meet in 4 hours. If one train is 15 miles per hour faster than the other , find the speed of the slower train in miles per hour. Find the speed of the faster train. 
",alg514questions.txt
246,[[0.99923325]]," Arthur baked 115 muffins. James baked 12 times as many. How many muffins did James bake?
",All-Arithquestions.txt
351,[[0.99923325]]," Arthur baked 115 muffins. James baked 12 times as many. How many muffins did James bake?
",SingleEQquestions.txt
273,[[0.99923325]]," Arthur baked 115 muffins. James baked 12 times as many. How many muffins did James bake?
",illinois(IL)questions.txt
336,[[0.99905926]],"Heather weighs 87 pounds. Emily weighs 9 pounds. Elizabeth weighs 8 pounds. How much heavier is Heather than Emily?
",SingleEQquestions.txt
258,[[0.99905926]],"Heather weighs 87 pounds. Emily weighs 9 pounds. Elizabeth weighs 8 pounds. How much heavier is Heather than Emily?
",illinois(IL)questions.txt
231,[[0.99905926]],"Heather weighs 87 pounds. Emily weighs 9 pounds. Elizabeth weighs 8 pounds. How much heavier is Heather than Emily?
",All-Arithquestions.txt
300,[[0.99889326]],"In Mr. Olsen 's mathematics class , 0.7 the students received A 's and 0.2 received B 's . What fraction of the students received either A 's or B 's ? 
",SingleEQquestions.txt
195,[[0.99889326]],"In Mr. Olsen 's mathematics class , 0.7 the students received A 's and 0.2 received B 's . What fraction of the students received either A 's or B 's ? 
",All-Arithquestions.txt
319,[[0.9987435]],"A carpenter bought a piece of wood that was 8.9 centimeters long . Then he sawed 2.3 centimeters off the end . How long is the piece of wood now ? 
",SingleEQquestions.txt
214,[[0.9987435]],"A carpenter bought a piece of wood that was 8.9 centimeters long . Then he sawed 2.3 centimeters off the end . How long is the piece of wood now ? 
",All-Arithquestions.txt
13,[[0.99873865]],"A total of 10,000 dollars was invested in two bond mutual funds , a junk bond fund and a government bond fund. The junk fund is risky and yields 11 % interest. The safer government bond fund yields only 5 %. The year 's total income from the two investments was 740 dollars. How much was invested in each fund? 
",alg514questions.txt
316,[[0.9986551]],"A carpenter bought a piece of wood that was 0.41 meters long . Then she sawed 0.33 meters off the end . How long is the piece of wood now ? 
",SingleEQquestions.txt
211,[[0.9986551]],"A carpenter bought a piece of wood that was 0.41 meters long . Then she sawed 0.33 meters off the end . How long is the piece of wood now ? 
",All-Arithquestions.txt
47,[[0.9984685]],"Two investments earn an annual income of 575 dollars. One investment earns an annual simple interest rate of 8.5 % , and the other investment earns an annual simple interest rate of 6.4 %. The amount invested is 8000 dollars. How much money is invested in the first investment and second investment respectively? 
",alg514questions.txt
266,[[0.9982374]]," Last Saturday, Marie sold 425 magazines and 275 newspapers. What is the total number of reading materials she sold?
",illinois(IL)questions.txt
344,[[0.9982374]]," Last Saturday, Marie sold 425 magazines and 275 newspapers. What is the total number of reading materials she sold?
",SingleEQquestions.txt
239,[[0.9982374]]," Last Saturday, Marie sold 425 magazines and 275 newspapers. What is the total number of reading materials she sold?
",All-Arithquestions.txt
166,[[0.99822307]],"On a canoe trip , Rita paddled upstream at an average speed of 2 miles per hour relative to the riverbank. On the return trip downstream, her average speed was 3 miles per hour. Find Rita 's paddling speed in still water and the speed of the river 's current. 
",alg514questions.txt
123,[[0.99810576]],"A baseball player has a batting average of 0.320 with 192 hits in 600 bats. His average against left-handed pitching is 0.250. Against right-handed pitching it is 0.350. How many times did he bat against left-handers? 
",alg514questions.txt
68,[[0.99777794]],"2 automobiles start out from two points 600 kilometers apart and travel toward each other.The automobile from the east travels at 10 kilometers faster than the automobile from the west. If they meet after 5 hours , what is the average speed of each automobile? 
",alg514questions.txt
155,[[0.99761146]],"Maggie has a job working in an office for 10 dollars an hour and another job driving a tractor for 12 dollars an hour. One week she works in the office twice as long as she drives the tractor. Her total income for that week is 416 dollars. How many hours did she spend at the office? How many hours driving the tractor?
",alg514questions.txt
311,[[0.9966109]],"As part of a lesson on earthquakes , a science class is researching the movement of a nearby fault line . The fault line moved 1.25 inches during the past year and 5.25 inches the year before . How far did the fault line move in all ? 
",SingleEQquestions.txt
206,[[0.9966109]],"As part of a lesson on earthquakes , a science class is researching the movement of a nearby fault line . The fault line moved 1.25 inches during the past year and 5.25 inches the year before . How far did the fault line move in all ? 
",All-Arithquestions.txt
181,[[0.99509007]],"There are 34 dogwood trees currently in the park . Park workers will plant 49 dogwood trees today . How many dogwood trees will the park have when the workers are finished ? 
",All-Arithquestions.txt
286,[[0.99509007]],"There are 34 dogwood trees currently in the park . Park workers will plant 49 dogwood trees today . How many dogwood trees will the park have when the workers are finished ? 
",SingleEQquestions.txt
320,[[0.9949425]],"There are 41 short trees and 44 tall trees currently in the park . Park workers will plant 57 short trees today . How many short trees will the park have when the workers are finished ? 
",SingleEQquestions.txt
215,[[0.9949425]],"There are 41 short trees and 44 tall trees currently in the park . Park workers will plant 57 short trees today . How many short trees will the park have when the workers are finished ? 
",All-Arithquestions.txt
216,[[0.9949417]],"There are 112 short trees and 119 tall trees currently in the park . Park workers will plant 105 short trees today . How many short trees will the park have when the workers are finished ? 
",All-Arithquestions.txt
321,[[0.9949417]],"There are 112 short trees and 119 tall trees currently in the park . Park workers will plant 105 short trees today . How many short trees will the park have when the workers are finished ? 
",SingleEQquestions.txt
153,[[0.9942144]],"The number of grocery items on two grocery lists differs by 7. The total number of items is 33. How many items are on each list?
",alg514questions.txt
288,[[0.9934342]],"There are 107 walnut trees currently in the park . Park workers will plant 104 walnut trees today . How many walnut trees will the park have when the workers are finished ? 
",SingleEQquestions.txt
183,[[0.9934342]],"There are 107 walnut trees currently in the park . Park workers will plant 104 walnut trees today . How many walnut trees will the park have when the workers are finished ? 
",All-Arithquestions.txt
282,[[0.9932625]],"There are 33 walnut trees currently in the park . Park workers will plant 44 walnut trees today . How many walnut trees will the park have when the workers are finished ? 
",SingleEQquestions.txt
177,[[0.9932625]],"There are 33 walnut trees currently in the park . Park workers will plant 44 walnut trees today . How many walnut trees will the park have when the workers are finished ? 
",All-Arithquestions.txt
18,[[0.9931009]],"Juan and Peter both leave a shopping center at the same time going in opposite directions. Juan is on his bike and travels 3 miles per hour faster than Peter who is on his skateboard. After 1.5 hours they are 19.5 miles apart. How fast does Peter travel?
",alg514questions.txt
172,[[0.9918174]],"A plane flying with a tail wind flew at a speed of 460 miles per hour , relative to the ground. When flying against the tailwind , it flew at a speed of 310 miles per hour. Find the speed of the tailwind. 
",alg514questions.txt
232,[[0.991155]],"It took Amanda 3 hours to stroll to Kimberly's house at 2 miles per hour. How far is it between Amanda's house and Kimberly's house?
",All-Arithquestions.txt
259,[[0.991155]],"It took Amanda 3 hours to stroll to Kimberly's house at 2 miles per hour. How far is it between Amanda's house and Kimberly's house?
",illinois(IL)questions.txt
337,[[0.991155]],"It took Amanda 3 hours to stroll to Kimberly's house at 2 miles per hour. How far is it between Amanda's house and Kimberly's house?
",SingleEQquestions.txt
108,[[0.99111044]],"There were 42 people. There were twice as many children as adults. How many children attended?
",alg514questions.txt
287,[[0.99085444]],"There are 25 popular trees currently in the park . Park workers will plant 73 popular trees today . How many popular trees will the park have when the workers are finished ? 
",SingleEQquestions.txt
182,[[0.99085444]],"There are 25 popular trees currently in the park . Park workers will plant 73 popular trees today . How many popular trees will the park have when the workers are finished ? 
",All-Arithquestions.txt
235,[[0.9890663]],"It took Amanda 5 hours to stroll to Kimberly's house at 2 miles per hour. How far is it between Amanda's house and Kimberly's house?
",All-Arithquestions.txt
340,[[0.9890663]],"It took Amanda 5 hours to stroll to Kimberly's house at 2 miles per hour. How far is it between Amanda's house and Kimberly's house?
",SingleEQquestions.txt
262,[[0.9890663]],"It took Amanda 5 hours to stroll to Kimberly's house at 2 miles per hour. How far is it between Amanda's house and Kimberly's house?
",illinois(IL)questions.txt
285,[[0.98750126]],"There are 5 oak trees currently in the park . Park workers will plant 4 oak trees today . How many oak trees will the park have when the workers are finished ? 
",SingleEQquestions.txt
180,[[0.98750126]],"There are 5 oak trees currently in the park . Park workers will plant 4 oak trees today . How many oak trees will the park have when the workers are finished ? 
",All-Arithquestions.txt
338,[[0.9852071]],"It took Carl 5 hours to ride to Ralph's house at 2 miles per hour. How far is it between Carl's house and Ralph's house?
",SingleEQquestions.txt
260,[[0.9852071]],"It took Carl 5 hours to ride to Ralph's house at 2 miles per hour. How far is it between Carl's house and Ralph's house?
",illinois(IL)questions.txt
233,[[0.9852071]],"It took Carl 5 hours to ride to Ralph's house at 2 miles per hour. How far is it between Carl's house and Ralph's house?
",All-Arithquestions.txt
278,[[0.9832159]]," After a party, 0.625 of the cake is left over. That night, big brother eats 0.25 of the cake. How much is left over after that?
",illinois(IL)questions.txt
356,[[0.9832159]]," After a party, 0.625 of the cake is left over. That night, big brother eats 0.25 of the cake. How much is left over after that?
",SingleEQquestions.txt
251,[[0.9832159]]," After a party, 0.625 of the cake is left over. That night, big brother eats 0.25 of the cake. How much is left over after that?
",All-Arithquestions.txt
267,[[0.982095]]," 22 boys went down the slide. 13 more boys went down the slide. How many boys went down the slide?
",illinois(IL)questions.txt
345,[[0.982095]]," 22 boys went down the slide. 13 more boys went down the slide. How many boys went down the slide?
",SingleEQquestions.txt
240,[[0.982095]]," 22 boys went down the slide. 13 more boys went down the slide. How many boys went down the slide?
",All-Arithquestions.txt
328,[[0.97859263]],"There are 3 short trees and 6 tall trees currently in the park . Park workers will plant 9 short trees today . How many short trees will the park have when the workers are finished ? 
",SingleEQquestions.txt
223,[[0.97859263]],"There are 3 short trees and 6 tall trees currently in the park . Park workers will plant 9 short trees today . How many short trees will the park have when the workers are finished ? 
",All-Arithquestions.txt
280,[[0.97777915]],"There are 4 walnut trees currently in the park . Park workers will plant 6 walnut trees today . How many walnut trees will the park have when the workers are finished ? 
",SingleEQquestions.txt
175,[[0.97777915]],"There are 4 walnut trees currently in the park . Park workers will plant 6 walnut trees today . How many walnut trees will the park have when the workers are finished ? 
",All-Arithquestions.txt
234,[[0.97637624]],"It took Amanda 2 hours to stroll to Kimberly's house at 4 miles per hour. How far is it between Amanda's house and Kimberly's house?
",All-Arithquestions.txt
261,[[0.97637624]],"It took Amanda 2 hours to stroll to Kimberly's house at 4 miles per hour. How far is it between Amanda's house and Kimberly's house?
",illinois(IL)questions.txt
339,[[0.97637624]],"It took Amanda 2 hours to stroll to Kimberly's house at 4 miles per hour. How far is it between Amanda's house and Kimberly's house?
",SingleEQquestions.txt
296,[[0.9761044]],"A tailor cut 0.75 inch off a skirt and 0.5 inch off a pair of pants . How much more did the tailor cut off the skirt than the pants ? 
",SingleEQquestions.txt
191,[[0.9761044]],"A tailor cut 0.75 inch off a skirt and 0.5 inch off a pair of pants . How much more did the tailor cut off the skirt than the pants ? 
",All-Arithquestions.txt
324,[[0.97178936]],"There are 2 maple trees and 5 popular trees currently in the park . Park workers will plant 9 maple trees today . How many maple trees will the park have when the workers are finished ? 
",SingleEQquestions.txt
219,[[0.97178936]],"There are 2 maple trees and 5 popular trees currently in the park . Park workers will plant 9 maple trees today . How many maple trees will the park have when the workers are finished ? 
",All-Arithquestions.txt
281,[[0.97132826]],"There are 7 dogwood trees currently in the park . Park workers will plant 3 dogwood trees today and 2 dogwood trees tomorrow . How many dogwood trees will the park have when the workers are finished ? 
",SingleEQquestions.txt
176,[[0.97132826]],"There are 7 dogwood trees currently in the park . Park workers will plant 3 dogwood trees today and 2 dogwood trees tomorrow . How many dogwood trees will the park have when the workers are finished ? 
",All-Arithquestions.txt
161,[[0.9680489]],"A physician 's assistant measures a child and finds that his height is 41.5 inches. At his last visit to the doctor's office , the child was 38.5 inches tall. How much did the child grow , in inches? 
",alg514questions.txt
139,[[0.9654002]],"A recipe calls for 2 cups of sugar. You find that you only have 0.3333 cups of sugar left. What fraction of the recipe can you make?
",alg514questions.txt
72,[[0.96507454]],"The Willey Farm Collective , farmed by several branches of the Willeys , has 4500 acres of land available for raising corn and wheat. The cost of raising corn is 42 dollars an acre , while the cost of wheat is 35 dollars an acre. The Collective 's available capital is 165,200 dollars. How many acres of corn should the Collective plant? How many acres of wheat should the collective plant? 
",alg514questions.txt
197,[[0.9574019]],"Suzie found 2 worms in the yard and measured them with a ruler . 1 worm was 0.8 inch long . The other worm was 0.1 inch long . How much longer was the longer worm ? 
",All-Arithquestions.txt
302,[[0.9574019]],"Suzie found 2 worms in the yard and measured them with a ruler . 1 worm was 0.8 inch long . The other worm was 0.1 inch long . How much longer was the longer worm ? 
",SingleEQquestions.txt
118,[[0.95593786]],"A total of 32,000 dollars is invested in 2 municipal bonds that pay 5.75 % and 6.25 % simple interest. The investor wants an annual interest income of 1900 dollars from the investments. What amount should be invested in the 5.75 % bond? 
",alg514questions.txt
283,[[0.95228565]],"There are 39 dogwood trees currently in the park . Park workers will plant 41 dogwood trees today and 20 dogwood trees tomorrow . How many dogwood trees will the park have when the workers are finished ? 
",SingleEQquestions.txt
178,[[0.95228565]],"There are 39 dogwood trees currently in the park . Park workers will plant 41 dogwood trees today and 20 dogwood trees tomorrow . How many dogwood trees will the park have when the workers are finished ? 
",All-Arithquestions.txt
310,[[0.9483404]],"Professor Ellison weighed 2 pieces of metal for an experiment . The piece of iron weighed 11.166666666666666 pounds and the piece of aluminum weighed 0.8333333333333334 pound . How much more did the piece of iron weigh than the piece of aluminum ? 
",SingleEQquestions.txt
205,[[0.9483404]],"Professor Ellison weighed 2 pieces of metal for an experiment . The piece of iron weighed 11.166666666666666 pounds and the piece of aluminum weighed 0.8333333333333334 pound . How much more did the piece of iron weigh than the piece of aluminum ? 
",All-Arithquestions.txt
294,[[0.94296336]],"An oil pipe in the sea broke . Before engineers started to fix the pipe , 2475 gallons of oil leaked into the water . A total of 6206 gallons of oil leaked before the pipe was fixed . How many gallons of oil leaked while the engineers were fixing the pipe ? 
",SingleEQquestions.txt
189,[[0.94296336]],"An oil pipe in the sea broke . Before engineers started to fix the pipe , 2475 gallons of oil leaked into the water . A total of 6206 gallons of oil leaked before the pipe was fixed . How many gallons of oil leaked while the engineers were fixing the pipe ? 
",All-Arithquestions.txt
135,[[0.9374691]],"In a family there are two cars. In a given week , the first car gets an average of 25 miles per gallon , and the second car gets 40 miles per gallon. The two cars combined drives a total of 1825 miles in that one week , for a total gas consumption of 55 gallons. How many gallons were consumed by the 25 mile per gallon car and how many gallons were consumed by the 40 mile per gallon car that week? 
",alg514questions.txt
105,[[0.93296516]],"Steve purchased tickets to a circus for 7 adults and 2 children. The total cost was 172 dollars. The cost of a child 's ticket was 4 dollars less than the cost of an adult 's ticket. Find the price of an adult 's ticket and a child 's ticket.
",alg514questions.txt
323,[[0.9290757]],"There are 31 short trees and 32 tall trees currently in the park . Park workers will plant short trees today . When the workers are finished there will be 95 short trees in the park . How many short trees did the workers plant today ? 
",SingleEQquestions.txt
218,[[0.9290757]],"There are 31 short trees and 32 tall trees currently in the park . Park workers will plant short trees today . When the workers are finished there will be 95 short trees in the park . How many short trees did the workers plant today ? 
",All-Arithquestions.txt
347,[[0.92864573]]," Mrs. Hilt measured the distance from her desk to the water fountain. It was 30 feet. How many feet will Mrs. Hilt walk on her trips to the  fountain if she goes to the water fountain 4 times today?
",SingleEQquestions.txt
269,[[0.92864573]]," Mrs. Hilt measured the distance from her desk to the water fountain. It was 30 feet. How many feet will Mrs. Hilt walk on her trips to the  fountain if she goes to the water fountain 4 times today?
",illinois(IL)questions.txt
242,[[0.92864573]]," Mrs. Hilt measured the distance from her desk to the water fountain. It was 30 feet. How many feet will Mrs. Hilt walk on her trips to the  fountain if she goes to the water fountain 4 times today?
",All-Arithquestions.txt
11,[[0.922109]],"A semi truck travels on a paved road for 2 hours at an average speed of 20 miles per hour faster than it travels on a dirt road. The time spent on the dirt is 3 hours. If the entire trip is 200 miles , how fast is the truck traveling on the dirt road? 
",alg514questions.txt
272,[[0.92079324]]," Sueâ€™s family went on vacation. Her mom drove the car at 60 mph. They camped at a campground after traveling for 5 hours. How far was the  campground from their home?
",illinois(IL)questions.txt
85,[[0.91784227]],"You are making 10 tons of concrete that is 62 % cement by mixing a 20 % cement mixture with a 80 % cement mixture. How much of the 80 % cement mixture must you use? Answer in units of tons.
",alg514questions.txt
293,[[0.9160958]],"Each of farmer Cunningham 's 6048 lambs is either black or white . There are 193 white ones . How many of Farmer Cunningham 's lambs are black ? 
",SingleEQquestions.txt
188,[[0.9160958]],"Each of farmer Cunningham 's 6048 lambs is either black or white . There are 193 white ones . How many of Farmer Cunningham 's lambs are black ? 
",All-Arithquestions.txt
350,[[0.91525245]]," Sue's family went on vacation. Her mom drove the car at 60 mph. They camped at a campground after traveling for 5 hours. How far was the  campground from their home?
",SingleEQquestions.txt
245,[[0.91525245]]," Sue's family went on vacation. Her mom drove the car at 60 mph. They camped at a campground after traveling for 5 hours. How far was the  campground from their home?
",All-Arithquestions.txt
222,[[0.8993237]],"There are 43 maple trees and 22 orange trees currently in the park . Park workers will plant maple trees today . When the workers are finished there will be 54 maple trees in the park . How many maple trees did the workers plant today ? 
",All-Arithquestions.txt
327,[[0.8993237]],"There are 43 maple trees and 22 orange trees currently in the park . Park workers will plant maple trees today . When the workers are finished there will be 54 maple trees in the park . How many maple trees did the workers plant today ? 
",SingleEQquestions.txt
130,[[0.8946178]],"Dave and Sandy fly from Philly to Chicago , it takes 2 hours to go West and 1.5 hours to fly East. The trip is 780 miles one way. If the wind speed is the same on each trip , find the speed of the wind and find the speed of the plane in the still air , in miles per hour. 
",alg514questions.txt
21,[[0.8804264]],"A small publishing company is planning to publish a new book. The production costs will include one-time fixed costs and variable costs. The one-time fixed costs will amount to 35,630 dollars. The variable costs will be 11.50 dollars per book. The publisher will sell the finished product to bookstores at a price of 20.25 dollars per book. How many books must the publisher print and sell so that the production costs will equal the money obtained from sales? 
",alg514questions.txt
224,[[0.8724157]],"There are 37 short bushes and 30 tall trees currently in the park . Park workers will plant 20 short bushes today . How many short bushes will the park have when the workers are finished ? 
",All-Arithquestions.txt
329,[[0.8724157]],"There are 37 short bushes and 30 tall trees currently in the park . Park workers will plant 20 short bushes today . How many short bushes will the park have when the workers are finished ? 
",SingleEQquestions.txt
326,[[0.8647704]],"There are 22 orchid bushes and 40 orange trees currently in the park . Park workers will plant 13 orchid bushes today . How many orchid bushes will the park have when the workers are finished ? 
",SingleEQquestions.txt
221,[[0.8647704]],"There are 22 orchid bushes and 40 orange trees currently in the park . Park workers will plant 13 orchid bushes today . How many orchid bushes will the park have when the workers are finished ? 
",All-Arithquestions.txt
325,[[0.83662426]],"There are 7 dogwood trees currently in the park . Park workers will plant 5 dogwood trees today and 4 dogwood trees tomorrow . It took 8 workers to finish the work . How many dogwood trees will the park have when the workers are finished ? 
",SingleEQquestions.txt
220,[[0.83662426]],"There are 7 dogwood trees currently in the park . Park workers will plant 5 dogwood trees today and 4 dogwood trees tomorrow . It took 8 workers to finish the work . How many dogwood trees will the park have when the workers are finished ? 
",All-Arithquestions.txt
174,[[0.8323898]],"There are 22 walnut trees currently in the park . Park workers will plant walnut trees today . When the workers are finished there will be 55 walnut trees in the park . How many walnut trees did the workers plant today ? 
",All-Arithquestions.txt
279,[[0.8323898]],"There are 22 walnut trees currently in the park . Park workers will plant walnut trees today . When the workers are finished there will be 55 walnut trees in the park . How many walnut trees did the workers plant today ? 
",SingleEQquestions.txt
268,[[0.82925135]]," Molly had 14 candles on her birthday cake. She grew older and got 6 more on her birthday cake. How old is Molly now?
",illinois(IL)questions.txt
346,[[0.82925135]]," Molly had 14 candles on her birthday cake. She grew older and got 6 more on her birthday cake. How old is Molly now?
",SingleEQquestions.txt
241,[[0.82925135]]," Molly had 14 candles on her birthday cake. She grew older and got 6 more on her birthday cake. How old is Molly now?
",All-Arithquestions.txt
179,[[0.8290006]],"There are 53 maple trees currently in the park . Park workers will plant maple trees today . When the workers are finished there will be 64 maple trees in the park . How many maple trees did the workers plant today ? 
",All-Arithquestions.txt
284,[[0.8290006]],"There are 53 maple trees currently in the park . Park workers will plant maple trees today . When the workers are finished there will be 64 maple trees in the park . How many maple trees did the workers plant today ? 
",SingleEQquestions.txt
290,[[0.8286822]],"There are 9 oak trees currently in the park . Park workers had to cut down 2 oak trees that were damaged . How many oak trees will the park have when the workers are finished ? 
",SingleEQquestions.txt
185,[[0.8286822]],"There are 9 oak trees currently in the park . Park workers had to cut down 2 oak trees that were damaged . How many oak trees will the park have when the workers are finished ? 
",All-Arithquestions.txt
184,[[0.82404566]],"There are 2 orchid bushes currently in the park . Park workers will plant 4 orchid bushes today . How many orchid bushes will the park have when the workers are finished ? 
",All-Arithquestions.txt
289,[[0.82404566]],"There are 2 orchid bushes currently in the park . Park workers will plant 4 orchid bushes today . How many orchid bushes will the park have when the workers are finished ? 
",SingleEQquestions.txt
49,[[0.8182808]],"Two planes start from Chicago at the same time and fly in opposite directions , one averaging a speed of 40 miles per hour greater than the other. If they are 2000 miles apart after 5 hours , find their average speeds. 
",alg514questions.txt
6,[[0.81334805]],"Trenton sells electronic supplies. Each week he earns 190 dollars plus commission equal to 4 % of his sales. This week his goal is to earn no less than 500 dollars. Write and solve an inequality to find the amount of sales he must make to reach his goal.
",alg514questions.txt
24,[[0.7798871]],"Tony planted a 4 foot tree. The tree grows at a rate of 5 feet every year. How many years will it take to be 29 feet?
",alg514questions.txt
141,[[0.7774607]],"A department store held a sale to sell all of the 214 winter jackets that remained after the season ended. Until noon , each jacket in the store was priced at 31.95 dollars. At noon , the price of the jackets was further reduced to 18.95 dollars. After the last jacket was sold , the total receipts for the clearance sale were 5108.30 dollars. How many jackets were sold before noon and how many jackets were sold after noon? 
",alg514questions.txt
322,[[0.75557137]],"There are 42 walnut trees and 12 orange trees currently in the park . Park workers had to cut down 13 walnut trees that were damaged . How many walnut trees will be in the park when the workers are finished ? 
",SingleEQquestions.txt
217,[[0.75557137]],"There are 42 walnut trees and 12 orange trees currently in the park . Park workers had to cut down 13 walnut trees that were damaged . How many walnut trees will be in the park when the workers are finished ? 
",All-Arithquestions.txt
291,[[0.75196534]],"There are 33 oak trees currently in the park . Park workers had to cut down 18 oak trees that were damaged . How many oak trees will be in the park when the workers are finished ? 
",SingleEQquestions.txt
186,[[0.75196534]],"There are 33 oak trees currently in the park . Park workers had to cut down 18 oak trees that were damaged . How many oak trees will be in the park when the workers are finished ? 
",All-Arithquestions.txt
341,[[0.74833065]],"It took Katherine 3 hours to run to Louis's house at 8 miles per hour. How far is it between Katherine's house and Louis's house?
",SingleEQquestions.txt
263,[[0.74833065]],"It took Katherine 3 hours to run to Louis's house at 8 miles per hour. How far is it between Katherine's house and Louis's house?
",illinois(IL)questions.txt
236,[[0.74833065]],"It took Katherine 3 hours to run to Louis's house at 8 miles per hour. How far is it between Katherine's house and Louis's house?
",All-Arithquestions.txt
317,[[0.7103585]],"In March it rained 0.81 inches . It rained 0.35 inches less in April than in March . How much did it rain in April ? 
",SingleEQquestions.txt
212,[[0.7103585]],"In March it rained 0.81 inches . It rained 0.35 inches less in April than in March . How much did it rain in April ? 
",All-Arithquestions.txt
299,[[0.70766926]],"The Montoya family spends 0.6 their budget on groceries and another 0.2 going out to eat . Altogether , what fraction of their budget does the Montoya family spend on food ? 
",SingleEQquestions.txt
194,[[0.70766926]],"The Montoya family spends 0.6 their budget on groceries and another 0.2 going out to eat . Altogether , what fraction of their budget does the Montoya family spend on food ? 
",All-Arithquestions.txt
121,[[0.7068814]],"A small publishing company has a 1 time product cost for editing and printing of 56,430.00 dollars. Variable cost per book is 8.25 dollars. The publisher is selling the book to the store for 21.75 dollars. How many books must the publisher print and sell so that the production cost will equal the money obtained from sells? 
",alg514questions.txt
